categorical,kw_stat,p_value
Location_Clean,21.860051147834856,0.009333254748170245
Department,10.117606066551982,0.3410485512365073
Gender,1.0082909076342077,0.6040215192303848
Role,6.654512149042144,0.6730391779639039
