test,chi2,p,cramers_v
Gender,1.700197565893375,0.4273727127275946,0.013039162419010568
AgeBucket,3.401594421293781,0.6383271004152117,0.01844341188959836
Location_Clean,3.5202194067983714,0.940068190977087,0.018762247751264696
