feature,rho,p
TrainingHoursLastYear,0.007173512392985997,0.47320702517119473
YearsAtCompany,-0.009130800993697182,0.36125043712725147
AnnualSalaryINR,0.003493470119620365,0.7268607903922282
BonusPercent,-0.00474563937717947,0.6351382039250628
EngagementScore,0.00339810103681683,0.7340307917951994
Age,-0.00889489617699508,0.373790284419079
