fold_auc,fold_pr,fold_prec10
0.5414301764162603,0.44075950886903886,0.465
0.5324380804228243,0.4204388589421392,0.415
0.5451994431481082,0.4364418199127831,0.455
0.535838750352718,0.4386671589337743,0.415
0.5393350929853996,0.4281721008538795,0.415
